shape,distribution,partner_value,user_value,monetization,moat,scale,privacy_feasibility,technical_feasibility,serbia_fit,regional_scale,weighted_score
Embedded Watch Button,9,8,7,9,9,8,7,9,8,9,8.34
Hybrid B2C + B2B2C,9,9,6,9,9,9,6,8,8,9,8.27
Partner SDK,8,8,5,9,9,9,7,9,7,9,8.05
NePropusti API,6,8,7,8,8,8,8,9,8,9,7.88
White-label,5,9,6,9,8,8,8,9,6,8,7.59
B2C destination,5,6,7,6,5,6,8,5,8,7,6.23
Browser extension,7,5,6,5,6,6,5,7,7,8,6.21
Mobile share sheet,6,5,7,4,5,5,7,8,7,7,6.03
AI/MCP tool,6,4,7,4,5,4,8,7,6,8,5.81
